{"activityLevel":180003,"activityList":[{"activeTime":4977320,"calorie":458.0,"distance":6454.352,"type":1001},{"activeTime":607233,"calorie":49.703293,"distance":717.47675,"type":-1}],"age":26,"gender":"M","height":178.8,"stepCount":9468,"weight":95.0}