{"activityLevel":180003,"activityList":[{"activeTime":1880280,"calorie":191.0,"distance":2240.296,"type":1001},{"activeTime":689961,"calorie":53.508602,"distance":788.05817,"type":-1}],"age":26,"gender":"M","height":178.8,"stepCount":3957,"weight":95.0}