{"activityLevel":0,"activityList":[{"activeTime":4322768,"calorie":315.65997,"distance":6146.2,"type":1001},{"activeTime":1586587,"calorie":110.25066,"distance":2003.6467,"type":-1}],"age":30,"gender":"M","height":170.0,"stepCount":10239,"weight":65.0}