{"activityLevel":0,"activityList":[{"activeTime":1461779,"calorie":110.770004,"distance":1930.3601,"type":1001},{"activeTime":3672954,"calorie":238.86761,"distance":4592.9146,"type":-1}],"age":30,"gender":"M","height":170.0,"stepCount":8391,"weight":65.0}