{"activityLevel":0,"activityList":[{"activeTime":4111464,"calorie":250.65001,"distance":4984.7803,"type":1001},{"activeTime":6365385,"calorie":397.52426,"distance":8012.754,"type":-1}],"age":29,"gender":"M","height":170.0,"stepCount":16704,"weight":65.0}