{"activityLevel":180003,"activityList":[{"activeTime":823860,"calorie":70.0,"distance":909.663,"type":1001},{"activeTime":1277760,"calorie":194.04001,"distance":0.0,"type":11007},{"activeTime":6170582,"calorie":506.81488,"distance":7326.1216,"type":-1}],"age":26,"gender":"M","height":178.8,"stepCount":11046,"weight":95.0}