{"activityLevel":0,"activityList":[{"activeTime":2191150,"calorie":125.590004,"distance":2714.89,"type":1001},{"activeTime":7733072,"calorie":448.00037,"distance":9509.906,"type":-1}],"age":30,"gender":"M","height":170.0,"stepCount":15578,"weight":65.0}