{"activityLevel":0,"activityList":[{"activeTime":2594795,"calorie":182.23999,"distance":3550.51,"type":1001},{"activeTime":7167096,"calorie":501.11502,"distance":9256.356,"type":-1}],"age":30,"gender":"M","height":170.0,"stepCount":16094,"weight":65.0}