{"activityLevel":0,"activityList":[{"activeTime":1748256,"calorie":129.76999,"distance":2409.62,"type":1001},{"activeTime":2635796,"calorie":177.17564,"distance":3369.8555,"type":-1}],"age":30,"gender":"M","height":170.0,"stepCount":7102,"weight":65.0}