{"activityLevel":180003,"activityList":[{"activeTime":3182110,"calorie":76.29463,"distance":0.0,"type":14001},{"activeTime":4119879,"calorie":350.73206,"distance":4970.2397,"type":-1}],"age":26,"gender":"M","height":178.8,"stepCount":6622,"weight":95.0}