{"activityLevel":0,"activityList":[{"activeTime":661229,"calorie":43.969997,"distance":806.52997,"type":1001},{"activeTime":4136017,"calorie":270.37863,"distance":5116.695,"type":-1}],"age":30,"gender":"M","height":170.0,"stepCount":7589,"weight":65.0}