{"activityLevel":180003,"activityList":[{"activeTime":1998036,"calorie":168.70999,"distance":2219.47,"type":1001},{"activeTime":3401579,"calorie":284.10568,"distance":3978.9646,"type":-1}],"age":26,"gender":"M","height":178.8,"stepCount":8275,"weight":95.0}