{"activityLevel":180003,"activityList":[{"activeTime":955108,"calorie":77.200005,"distance":991.95996,"type":1001},{"activeTime":3580351,"calorie":305.79092,"distance":4341.8853,"type":-1}],"age":26,"gender":"M","height":178.8,"stepCount":7141,"weight":95.0}