{"activityLevel":180003,"activityList":[{"activeTime":5463620,"calorie":726.0,"distance":6817.36,"type":1001},{"activeTime":659451,"calorie":52.84279,"distance":747.33466,"type":-1}],"age":26,"gender":"M","height":178.8,"stepCount":10124,"weight":95.0}