{"activityLevel":0,"activityList":[{"activeTime":2118159,"calorie":138.79001,"distance":2683.7598,"type":1001},{"activeTime":1197626,"calorie":71.41015,"distance":1472.345,"type":-1}],"age":30,"gender":"M","height":170.0,"stepCount":5340,"weight":65.0}