{"activityLevel":0,"activityList":[{"activeTime":1364213,"calorie":108.130005,"distance":1798.09,"type":1001},{"activeTime":3366496,"calorie":239.29576,"distance":4335.7983,"type":-1}],"age":30,"gender":"M","height":170.0,"stepCount":7915,"weight":65.0}