{"activityLevel":180003,"activityList":[{"activeTime":686021,"calorie":44.989998,"distance":840.21,"type":1001},{"activeTime":4524439,"calorie":312.02332,"distance":5595.453,"type":-1}],"age":25,"gender":"M","height":178.8,"stepCount":8343,"weight":95.0}