{"activityLevel":0,"activityList":[{"activeTime":1698840,"calorie":115.909996,"distance":2242.84,"type":1001},{"activeTime":1101101,"calorie":73.534164,"distance":1365.7982,"type":-1}],"age":29,"gender":"M","height":170.0,"stepCount":4573,"weight":65.0}