{"activityLevel":0,"activityList":[{"activeTime":765686,"calorie":55.239998,"distance":1079.5801,"type":1001},{"activeTime":2824720,"calorie":185.19917,"distance":3573.457,"type":-1}],"age":29,"gender":"M","height":170.0,"stepCount":5770,"weight":65.0}