{"activityLevel":0,"activityList":[{"activeTime":1554155,"calorie":111.369995,"distance":2085.67,"type":1001},{"activeTime":6032015,"calorie":429.13376,"distance":7885.993,"type":-1}],"age":30,"gender":"M","height":170.0,"stepCount":12660,"weight":65.0}