{"activityLevel":0,"activityList":[{"activeTime":1552613,"calorie":102.06999,"distance":1884.88,"type":1001},{"activeTime":6587617,"calorie":455.73572,"distance":8328.033,"type":-1}],"age":30,"gender":"M","height":170.0,"stepCount":13214,"weight":65.0}