{"activityLevel":180003,"activityList":[{"activeTime":4851474,"calorie":459.15002,"distance":6169.355,"type":1001},{"activeTime":1681634,"calorie":142.67761,"distance":2064.8767,"type":-1}],"age":26,"gender":"M","height":178.8,"stepCount":10721,"weight":95.0}