{"activityLevel":180003,"activityList":[{"activeTime":4690,"calorie":0.11244797,"distance":0.0,"type":1002},{"activeTime":4530360,"calorie":706.0,"distance":6755.14,"type":1001},{"activeTime":5027628,"calorie":413.64175,"distance":5964.2173,"type":-1}],"age":26,"gender":"M","height":178.8,"stepCount":16229,"weight":95.0}