{"activityLevel":0,"activityList":[{"activeTime":1515475,"calorie":82.299995,"distance":1572.72,"type":1001},{"activeTime":4009515,"calorie":269.07742,"distance":5063.9175,"type":-1}],"age":29,"gender":"M","height":170.0,"stepCount":8492,"weight":65.0}