{"activityLevel":0,"activityList":[{"activeTime":4452259,"calorie":278.66998,"distance":6097.05,"type":1001},{"activeTime":2454970,"calorie":160.14282,"distance":3101.0664,"type":-1}],"age":29,"gender":"M","height":170.0,"stepCount":11807,"weight":65.0}