{"activityLevel":180003,"activityList":[{"activeTime":8572340,"calorie":1108.0,"distance":9852.756,"type":1001},{"activeTime":403542,"calorie":32.017925,"distance":467.66635,"type":-1}],"age":26,"gender":"M","height":178.8,"stepCount":13824,"weight":95.0}